count,time_stamp,adc,sipm_voltage,deadtime,temperatureC
# BAD LINE: SD initialization failed!
Is,there,an,SD,card,inserted?
# BAD LINE: ##########################################################################################
###,CosmicWatch:,The,Desktop,Muon,Detector
# BAD LINE: ### Questions? saxani@mit.edu
# BAD LINE: ### Comp_date Comp_time Event Ardn_time[ms] ADC[0-1023] SiPM[mV] Deadtime[ms] Temp[C] Name
# BAD LINE: ##########################################################################################
# BAD LINE: Device ID: Leonardo
1,4174,110,22.78,0,24.01
2,4808,472,125.87,5,23.69
3,5501,69,18.79,10,23.91
4,6060,476,129.76,15,24.34
5,6702,126,24.09,20,24.01
6,8738,399,87.30,25,24.01
7,9752,51,15.86,30,23.80
# BAD LINE: SD initialization failed!
Is,there,an,SD,card,inserted?
# BAD LINE: ##########################################################################################
###,CosmicWatch:,The,Desktop,Muon,Detector
# BAD LINE: ### Questions? saxani@mit.edu
# BAD LINE: ### Comp_date Comp_time Event Ardn_time[ms] ADC[0-1023] SiPM[mV] Deadtime[ms] Temp[C] Name
# BAD LINE: ##########################################################################################
# BAD LINE: Device ID: Leonardo
1,2700,231,39.55,0,24.34
2,3805,355,68.30,5,24.01
3,6482,255,43.96,10,23.69
4,9211,369,73.42,15,23.91
5,11348,387,81.05,21,23.91
6,14455,88,20.96,26,24.01
7,31660,275,47.73,34,23.69
8,33859,419,97.20,39,23.80
9,36107,287,50.23,45,23.80
10,38359,312,55.68,51,23.69
11,38677,332,61.17,56,23.80
12,42643,254,43.77,62,23.37
13,52441,252,43.42,68,23.69
14,53182,313,56.02,74,23.37
15,54776,403,88.99,79,23.91
16,57380,393,83.55,85,23.91
17,61887,376,76.43,93,23.69
18,70450,344,64.67,98,23.37
19,71822,514,147.76,103,23.80
20,78632,504,143.61,109,23.91
21,84144,337,62.30,116,24.01
22,99201,391,82.35,124,24.12
23,100358,398,85.63,129,23.48
24,101144,252,43.42,135,24.01
25,105614,496,144.49,141,23.91
26,105858,259,44.69,146,24.01
27,108567,423,97.36,154,23.91
28,110495,376,76.43,160,24.23
29,115184,204,34.73,166,24.01
30,120231,370,73.62,172,24.01
31,127327,127,24.18,182,24.01
32,127494,298,52.37,187,23.80
33,131141,348,65.64,192,24.01
34,140180,240,41.21,198,23.80
35,147506,304,53.73,204,23.48
36,149593,368,72.93,209,23.48
37,154781,364,71.71,216,24.01
38,161666,302,53.30,221,24.34
39,162968,423,97.36,227,24.23
40,172871,369,73.42,232,24.01
41,173655,515,147.53,237,24.01
42,178511,206,35.07,244,24.01
43,185709,494,141.37,253,24.01
44,186686,530,159.82,258,23.80
45,194313,332,61.17,265,23.69
46,196119,152,26.78,270,23.58
47,197568,368,72.93,276,23.69
48,204498,263,45.37,282,23.80
49,204844,448,112.41,287,23.48
50,208337,332,61.17,293,23.58
51,209585,66,18.36,299,23.48
52,211656,211,35.96,304,23.91
53,218613,263,45.37,311,24.01
54,219047,369,73.42,316,24.01
55,224960,198,33.69,321,23.69
56,228232,403,88.99,326,23.91
57,230737,313,56.02,331,23.69
58,243419,229,39.22,338,23.91
59,251444,275,47.73,344,23.37
60,256137,76,19.69,350,23.91
61,266292,376,76.43,357,24.12
62,266681,357,68.97,362,23.91
63,270275,280,48.67,370,23.58
64,278244,192,32.67,379,23.91
65,278511,355,68.30,384,23.69
66,280882,255,43.96,389,24.01
67,280995,352,66.89,394,23.80
68,284455,285,49.78,399,23.91
69,287424,248,42.69,405,24.01
70,299738,339,62.98,411,23.80
71,308292,423,97.36,416,23.91
72,308400,368,72.93,421,23.69
73,315575,353,67.64,426,23.80
74,316428,480,130.21,431,24.01
75,318797,224,38.29,437,23.80
76,321108,691,332.16,443,24.01
77,321701,412,92.93,448,22.94
78,323463,348,65.64,453,23.69
79,324242,355,68.30,458,24.01
80,329289,414,93.93,465,23.91
81,329352,335,61.77,470,23.80
82,337672,252,43.42,478,24.12
83,347381,483,132.60,486,23.80
84,349144,357,68.97,492,23.91
85,355187,441,109.77,500,23.58
86,355578,344,64.67,505,23.91
87,360745,434,104.89,511,23.58
88,368638,348,65.64,518,23.91
89,368879,377,76.28,523,23.26
90,375351,332,61.17,528,23.91
91,382665,309,55.01,534,23.69
92,385840,268,46.26,540,24.01
93,396118,327,59.28,547,23.48
94,397605,294,51.51,553,23.91
95,400514,505,145.23,559,23.58
96,401899,513,148.53,566,23.91
97,402182,368,72.93,571,24.01
98,402265,295,51.75,577,23.91
99,403176,319,57.64,582,23.80
100,409545,261,45.09,588,23.48
101,422156,316,56.81,596,23.48
102,432764,395,84.48,604,23.48
103,434729,376,76.43,609,23.80
104,447001,508,144.95,617,23.58
105,454695,300,52.79,624,24.01
106,457624,115,23.18,629,23.69
107,462168,127,24.18,634,23.69
108,465875,224,38.29,639,23.37
109,467717,304,53.73,644,23.91
110,472872,432,101.61,650,24.01
111,473473,287,50.23,655,23.15
112,486013,126,24.09,662,23.15
113,486952,217,37.04,667,23.15
114,491435,377,76.28,672,23.26
115,495820,327,59.28,678,23.80
116,499553,268,46.26,684,23.48
117,502690,268,46.26,691,24.01
118,508309,270,46.71,697,23.15
119,509905,415,95.00,702,23.37
120,510578,408,90.57,707,23.80
121,523781,194,33.00,719,23.80
122,531113,110,22.78,728,23.05
123,548985,368,72.93,738,23.80
124,554380,248,42.69,745,23.69
125,560470,408,90.57,754,23.69
126,567022,419,97.20,759,23.48
127,567779,316,56.81,764,23.37
128,576334,287,50.23,773,23.91
129,583879,287,50.23,780,23.37
130,584363,192,32.67,785,23.26
131,586242,384,80.08,790,23.91
132,589044,263,45.37,795,23.80
133,591369,483,132.60,801,23.05
134,606116,284,49.41,808,23.80
135,606556,319,57.64,813,24.01
136,614849,316,56.81,822,23.91
137,631111,504,143.61,833,23.58
138,632664,307,54.48,838,23.58
139,632784,440,109.25,843,23.15
140,633792,216,36.85,849,23.91
141,639534,591,188.65,855,23.37
142,640739,131,24.54,860,23.58
143,644785,847,662.39,867,23.69
144,648460,327,59.28,873,23.15
145,657901,432,101.61,881,23.91
146,663333,307,54.48,890,23.69
147,663550,338,62.67,895,23.91
148,666908,377,76.28,900,23.58
149,668045,384,80.08,905,24.01
150,668423,271,46.93,910,23.91
151,694285,263,45.37,925,23.91
152,694325,71,19.06,931,23.37
153,704927,355,68.30,939,23.37
154,709233,594,199.72,946,23.58
155,724711,270,46.71,955,23.37
156,733938,268,46.26,963,23.91
157,739393,448,112.41,969,23.91
158,741866,319,57.64,974,23.48
159,744337,537,162.17,979,24.01
160,755276,291,50.97,986,23.69
161,761456,263,45.37,991,23.80
162,762279,364,71.71,997,24.01
163,765019,366,72.41,1002,23.91
164,768288,376,76.43,1007,24.01
165,768833,305,53.88,1012,23.37
166,775947,312,55.68,1019,23.80
167,776658,327,59.28,1024,23.91
168,787348,179,30.55,1032,24.01
169,797403,513,148.53,1043,23.69
170,822778,440,109.25,1057,23.37
171,829556,335,61.77,1063,23.91
172,830869,316,56.81,1068,24.01
173,834037,240,41.21,1074,23.58
174,838883,287,50.23,1083,23.69
175,841107,312,55.68,1089,23.80
176,845696,245,42.08,1094,23.58
177,870082,263,45.37,1107,23.15
178,870162,236,40.44,1113,23.48
179,873213,67,18.51,1119,23.80
180,881296,298,52.37,1127,23.48
181,885826,394,84.01,1135,23.69
182,890377,385,80.11,1140,23.48
183,891638,391,82.35,1145,23.69
184,898088,371,73.82,1152,23.05
185,902100,435,104.92,1158,24.01
186,907091,271,46.93,1165,23.69
187,917834,359,69.86,1174,23.91
188,920593,387,81.05,1180,23.80
189,928029,504,143.61,1186,24.01
190,930375,280,48.67,1192,23.48
191,937739,295,51.75,1199,23.80
192,939128,391,82.35,1204,23.80
193,942482,519,154.30,1209,23.80
194,948762,316,56.81,1216,23.48
195,949190,286,49.78,1221,23.58
196,952470,270,46.71,1226,23.69
197,953088,440,109.25,1233,23.48
198,955200,179,30.55,1239,23.58
199,955290,71,19.06,1244,23.48
200,956256,204,34.73,1249,23.91
201,967912,280,48.67,1255,23.37
202,969362,234,40.06,1262,23.91
203,978081,467,121.56,1269,23.69
204,979938,224,38.29,1275,23.58
205,981408,88,20.96,1281,23.69
206,985121,345,64.98,1287,23.37
207,993683,261,45.09,1293,23.48
208,1016934,255,43.96,1302,23.80
209,1017842,391,82.35,1307,23.37
210,1022532,463,119.23,1312,23.05
211,1034750,227,38.83,1320,23.58
212,1036243,368,72.93,1326,23.80
213,1036448,531,160.62,1331,23.48
214,1048155,67,18.51,1340,23.37
215,1048315,332,61.17,1346,23.91
216,1056871,281,48.90,1353,23.91
217,1060738,335,61.77,1359,23.48
218,1069462,280,48.67,1366,23.58
219,1072661,56,16.76,1375,23.58
220,1094820,455,117.03,1389,23.58
221,1096649,450,114.31,1396,23.48
222,1097999,368,72.93,1402,23.69
223,1105385,384,80.08,1408,23.58
224,1115183,268,46.26,1416,24.01
225,1115687,270,46.71,1422,23.69
226,1122501,359,69.86,1429,23.80
227,1124018,265,45.75,1435,23.91
228,1124094,304,53.73,1441,23.69
229,1124937,97,21.75,1447,23.58
230,1125349,51,15.86,1452,23.37
231,1131032,455,117.03,1458,23.91
232,1133940,280,48.67,1467,23.91
233,1141233,243,41.74,1476,23.58
234,1149609,344,64.67,1482,23.69
235,1150408,423,97.36,1487,23.37
236,1154108,249,42.85,1493,23.37
237,1158815,255,43.96,1499,23.69
238,1160629,604,210.97,1504,23.91
239,1169580,193,32.84,1512,23.48
240,1178834,478,129.43,1518,24.01
241,1181697,361,70.62,1524,23.58
242,1185551,255,43.96,1529,23.58
243,1186460,415,95.00,1535,24.01
244,1197150,318,57.28,1545,22.94
245,1207921,752,487.99,1557,23.58
246,1209036,335,61.77,1562,23.37
247,1211812,295,51.75,1567,23.91
248,1216864,510,148.47,1574,23.48
249,1217125,312,55.68,1579,23.80
250,1221933,366,72.41,1585,23.69
251,1222349,339,62.98,1590,23.48
252,1223532,318,57.28,1595,24.01
253,1229014,327,59.28,1601,23.80
254,1236340,515,147.53,1608,23.80
255,1237855,348,65.64,1614,23.91
256,1241011,286,49.78,1623,23.69
257,1242518,401,87.91,1629,23.15
258,1245155,280,48.67,1635,23.26
259,1251877,131,24.54,1642,23.37
260,1268657,295,51.75,1652,23.37
261,1285890,387,81.05,1663,23.48
262,1294382,56,16.76,1673,23.48
263,1295104,499,141.24,1681,23.26
264,1300617,274,47.52,1687,23.91
265,1302917,335,61.77,1693,23.26
266,1302976,329,59.91,1698,23.48
267,1307805,318,57.28,1703,23.48
268,1308459,355,68.30,1708,23.80
269,1329336,344,64.67,1716,23.58
270,1334023,327,59.28,1723,23.37
271,1347888,295,51.75,1731,23.37
272,1355865,207,35.26,1740,24.01
273,1357971,284,49.41,1745,23.37
274,1359335,284,49.41,1752,23.58
275,1362156,305,53.88,1760,23.69
276,1367278,304,53.73,1768,22.94
277,1389446,352,66.89,1783,23.80
278,1402915,316,56.81,1793,23.91
279,1404993,487,132.65,1800,23.26
280,1422555,344,64.67,1817,23.48
281,1423778,319,57.64,1822,23.58
282,1433312,440,109.25,1829,23.26
283,1434247,504,143.61,1834,23.37
284,1439475,301,53.09,1843,23.37
285,1470939,403,88.99,1854,23.58
286,1477289,83,20.46,1861,23.48
287,1480025,391,82.35,1866,23.48
288,1480250,275,47.73,1871,23.37
289,1484005,655,252.34,1877,23.58
290,1504974,448,112.41,1887,23.80
291,1510386,608,202.86,1895,23.91
292,1516753,344,64.67,1902,23.15
293,1518296,224,38.29,1907,23.58
294,1527020,359,69.86,1914,23.26
295,1532623,248,42.69,1923,23.15
296,1537641,440,109.25,1929,23.80
297,1538225,505,145.23,1934,23.37
298,1539230,259,44.69,1940,23.80
299,1539832,198,33.69,1946,23.80
300,1549974,334,61.44,1952,23.69
301,1556948,305,53.88,1959,23.15
302,1569449,306,54.23,1969,23.80
303,1570077,335,61.77,1975,23.37
304,1570555,286,49.78,1980,23.48
305,1572045,384,80.08,1986,23.80
306,1575114,271,46.93,1992,23.80
307,1576538,120,23.58,1998,23.80
308,1577112,243,41.74,2004,23.69
309,1580428,83,20.46,2010,23.69
310,1580656,494,141.37,2015,23.05
311,1580785,211,35.96,2021,22.94
312,1599133,280,48.67,2033,23.69
313,1599767,414,93.93,2039,23.91
314,1609895,435,104.92,2046,23.48
315,1611378,451,113.08,2052,23.48
316,1613453,403,88.99,2058,24.01
317,1614650,305,53.88,2063,23.48
318,1618224,332,61.17,2069,23.58
319,1625777,352,66.89,2076,23.37
320,1643649,89,21.05,2086,23.91
321,1647891,492,134.92,2093,23.48
322,1649519,270,46.71,2100,23.37
323,1656454,339,62.98,2106,23.80
324,1659828,327,59.28,2112,23.37
325,1660372,319,57.64,2118,23.58
326,1663681,307,54.48,2123,23.80
327,1663755,255,43.96,2129,23.80
328,1681593,371,73.82,2138,23.69
329,1682115,271,46.93,2143,23.48
330,1701801,369,73.42,2155,23.58
331,1712856,515,147.53,2163,24.01
332,1713009,199,33.86,2169,23.91
333,1718987,275,47.73,2175,23.91
334,1734880,199,33.86,2184,24.01
335,1737458,376,76.43,2190,23.37
336,1755579,359,69.86,2201,23.91
337,1759219,519,154.30,2208,23.48
338,1772396,433,104.37,2216,23.69
339,1789921,268,46.26,2224,23.91
340,1800334,755,529.80,2231,23.58
341,1808160,376,76.43,2238,23.91
342,1823052,243,41.74,2249,24.01
343,1824232,326,59.13,2255,23.91
344,1825483,473,126.29,2261,24.01
345,1834009,472,125.87,2270,23.48
346,1834705,460,119.54,2276,23.58
347,1840092,287,50.23,2284,23.80
348,1841351,266,46.00,2290,23.37
349,1842257,252,43.42,2296,23.48
350,1844827,481,129.57,2304,23.37
351,1849726,240,41.21,2310,23.69
352,1854425,389,81.58,2316,23.58
353,1859708,312,55.68,2324,23.91
354,1870673,271,46.93,2334,23.91
355,1886345,241,41.39,2346,23.80
356,1895310,483,132.60,2355,24.01
357,1899731,326,59.13,2364,23.58
358,1904311,271,46.93,2371,23.91
359,1913868,280,48.67,2381,24.01
360,1920562,255,43.96,2389,23.91
361,1924576,380,78.12,2396,24.01
362,1938208,280,48.67,2404,23.26
363,1939877,354,67.99,2410,24.23
364,1950853,408,90.57,2417,24.44
365,1966456,335,61.77,2425,23.91
366,1969498,440,109.25,2431,23.91
367,1982229,280,48.67,2437,23.80
368,1984128,312,55.68,2443,24.01
369,1989694,408,90.57,2449,24.12
370,1994718,248,42.69,2454,23.91
371,1996083,448,112.41,2460,24.01
372,1998118,435,104.92,2466,24.01
373,2011237,664,270.86,2479,24.23
374,2014884,304,53.73,2487,23.58
375,2021481,290,50.82,2492,24.01
376,2023378,546,165.41,2498,23.91
377,2027211,92,21.32,2505,24.34
378,2033425,207,35.26,2514,23.80
379,2040936,323,58.48,2522,23.80
380,2046654,496,144.49,2530,24.23
381,2047707,99,21.91,2536,24.01
382,2057237,504,143.61,2542,23.91
383,2066432,561,174.17,2549,23.91
384,2069875,515,147.53,2555,24.01
385,2070317,313,56.02,2561,24.23
386,2071495,423,97.36,2566,24.23
387,2095221,255,43.96,2577,24.34
388,2100985,455,117.03,2584,24.01
389,2114353,300,52.79,2595,24.23
390,2124825,294,51.51,2605,24.01
391,2128030,339,62.98,2611,23.91
392,2132945,103,22.23,2618,23.80
393,2133068,140,25.42,2623,23.91
394,2134096,430,101.41,2629,24.01
395,2142784,280,48.67,2636,24.01
396,2149031,335,61.77,2644,24.01
397,2150872,546,165.41,2650,24.23
398,2158639,255,43.96,2656,24.34
399,2161735,423,97.36,2662,24.23
400,2165538,255,43.96,2669,24.34
401,2170313,216,36.85,2674,24.34
402,2171986,207,35.26,2679,23.80
403,2177037,377,76.28,2685,24.01
404,2190003,364,71.71,2692,23.48
405,2191171,335,61.77,2697,23.91
406,2193308,769,568.41,2702,23.91
407,2199458,639,249.88,2709,24.01
408,2202901,98,21.83,2714,24.12
409,2208301,313,56.02,2721,24.12
410,2209661,467,121.56,2727,23.69
411,2215578,316,56.81,2736,23.80
412,2216660,313,56.02,2741,23.91
413,2216733,348,65.64,2746,23.69
414,2231872,441,109.77,2753,23.80
415,2244014,263,45.37,2763,23.37
416,2252426,408,90.57,2770,23.80
417,2252943,463,119.23,2775,23.58
418,2253097,236,40.44,2781,23.91
419,2263109,423,97.36,2796,23.58
420,2266736,415,95.00,2802,23.48
421,2269357,377,76.28,2808,23.69
422,2271021,295,51.75,2813,23.69
423,2272316,216,36.85,2820,23.48
424,2273735,359,69.86,2826,23.80
425,2276973,85,20.67,2832,23.37
426,2277042,255,43.96,2837,23.91
427,2278890,415,95.00,2842,23.58
428,2283600,293,51.29,2848,23.91
429,2292354,428,101.58,2854,23.58
430,2294492,519,154.30,2860,23.58
431,2303480,399,87.30,2867,23.58
432,2307204,364,71.71,2873,24.34
433,2307553,252,43.42,2878,24.01
434,2308673,142,25.64,2884,24.01
435,2309308,291,50.97,2890,23.80
436,2310835,236,40.44,2896,23.91
437,2313064,326,59.13,2902,23.91
438,2315632,236,40.44,2908,23.80
439,2318808,547,162.22,2915,23.48
440,2322686,287,50.23,2922,23.91
441,2325907,359,69.86,2929,23.69
442,2332411,678,274.92,2935,23.69
443,2332947,143,25.74,2940,23.91
444,2335708,408,90.57,2946,23.80
445,2343804,304,53.73,2953,23.69
446,2346131,348,65.64,2959,23.80
447,2346780,371,73.82,2964,23.80
448,2347514,255,43.96,2969,23.69
449,2350906,387,81.05,2976,23.58
450,2353164,384,80.08,2982,23.48
451,2355662,504,143.61,2988,23.91
452,2362690,428,101.58,2996,24.01
453,2375379,241,41.39,3004,23.69
454,2384346,302,53.30,3011,23.58
455,2386902,326,59.13,3016,23.58
456,2395382,230,39.39,3023,23.58
457,2397225,408,90.57,3029,23.58
458,2405879,435,104.92,3037,23.48
459,2407404,268,46.26,3042,23.91
460,2416384,140,25.42,3050,23.58
461,2419210,508,144.95,3056,23.80
462,2427051,460,119.54,3064,23.80
463,2428147,462,120.87,3070,23.69
464,2431469,304,53.73,3077,24.01
465,2432207,515,147.53,3082,23.80
466,2453649,384,80.08,3098,23.80
467,2458030,572,183.73,3104,24.01
468,2461486,271,46.93,3113,23.58
469,2476163,575,187.30,3121,24.01
470,2476702,384,80.08,3127,23.37
471,2481362,248,42.69,3135,23.58
472,2481622,255,43.96,3141,23.91
473,2494642,354,67.99,3149,24.01
474,2497092,575,187.30,3156,24.23
475,2498944,268,46.26,3163,24.01
476,2503676,56,16.76,3170,23.91
477,2509843,369,73.42,3177,23.15
478,2510318,300,52.79,3182,23.58
479,2521131,327,59.28,3188,23.80
480,2527008,487,132.65,3196,23.69
481,2545622,127,24.18,3204,23.48
482,2546157,300,52.79,3210,23.69
483,2550672,137,25.12,3216,23.91
484,2565988,263,45.37,3223,23.69
485,2566027,524,150.73,3229,23.91
486,2569675,519,154.30,3236,23.58
487,2584004,526,158.17,3248,23.80
488,2585332,352,66.89,3254,23.91
489,2585759,327,59.28,3259,23.58
490,2590093,255,43.96,3265,23.48
491,2596160,368,72.93,3272,23.80
492,2599511,249,42.85,3277,23.80
493,2600898,408,90.57,3283,23.91
494,2616750,255,43.96,3290,24.01
495,2618286,108,22.63,3295,23.69
496,2622617,319,57.64,3300,23.91
497,2624834,284,49.41,3305,24.01
498,2629603,241,41.39,3314,23.91
499,2631720,348,65.64,3320,23.58
500,2646220,280,48.67,3327,23.80
501,2647110,743,466.23,3333,23.80
502,2650313,423,97.36,3339,23.91
503,2650884,313,56.02,3344,23.91
504,2660978,179,30.55,3354,23.15
505,2674908,371,73.82,3364,22.94
506,2676518,425,99.48,3370,23.69
507,2680070,353,67.64,3375,23.80
508,2684877,497,142.37,3380,23.58
509,2685096,263,45.37,3386,23.69
510,2696041,384,80.08,3394,23.48
511,2696229,53,16.22,3399,23.58
512,2697206,270,46.71,3405,23.37
513,2697596,412,92.93,3411,23.69
514,2711322,268,46.26,3419,23.37
515,2713200,255,43.96,3425,23.26
516,2728508,302,53.30,3433,23.26
517,2737098,344,64.67,3440,23.69
518,2738024,271,46.93,3445,23.15
519,2740859,389,81.58,3453,23.48
520,2741094,472,125.87,3458,23.80
521,2744102,285,49.78,3464,23.37
522,2744547,88,20.96,3470,23.48
523,2748471,313,56.02,3476,23.48
524,2750958,243,41.74,3482,23.58
525,2756939,339,62.98,3489,23.91
526,2758885,371,73.82,3494,23.80
527,2765288,353,67.64,3499,23.58
528,2768080,583,201.26,3504,23.48
529,2769750,337,62.30,3511,23.37
530,2770072,275,47.73,3516,24.01
531,2770957,287,50.23,3522,23.48
532,2772551,71,19.06,3528,23.69
533,2772563,293,51.29,3534,23.80
534,2777617,319,57.64,3541,23.58
535,2793943,127,24.18,3550,23.58
536,2795727,359,69.86,3556,23.48
537,2797446,335,61.77,3561,23.37
538,2799048,412,92.93,3566,23.37
539,2799339,252,43.42,3571,23.26
540,2804545,254,43.77,3577,24.01
541,2816798,323,58.48,3587,23.58
542,2819677,326,59.13,3593,23.37
543,2822146,204,34.73,3600,23.48
544,2832479,472,125.87,3608,23.15
545,2840100,467,121.56,3617,23.48
546,2843965,448,112.41,3623,24.01
547,2854214,252,43.42,3630,23.58
548,2857510,483,132.60,3636,23.37
549,2863164,280,48.67,3642,23.48
550,2864522,295,51.75,3649,23.48
551,2866727,563,181.65,3655,23.48
552,2867662,358,69.10,3661,23.58
553,2868366,711,380.66,3667,23.15
554,2869130,316,56.81,3672,23.48
555,2873126,435,104.92,3680,23.37
556,2874556,284,49.41,3686,23.05
557,2902213,455,117.03,3697,23.69
558,2916960,327,59.28,3705,23.48
559,2917392,352,66.89,3711,23.15
560,2917801,480,130.21,3716,23.37
561,2919775,543,164.77,3722,23.26
562,2920566,531,160.62,3728,23.48
563,2923745,287,50.23,3734,23.37
564,2936548,358,69.10,3743,23.69
565,2942564,780,538.09,3750,23.58
566,2964072,271,46.93,3761,23.26
567,2969062,583,201.26,3767,23.15
568,2970673,560,175.34,3773,23.15
569,2972322,211,35.96,3779,23.91
570,2984091,543,164.77,3790,23.26
571,2993708,334,61.44,3798,23.69
572,2997159,504,143.61,3804,23.80
573,2998615,409,91.12,3810,23.26
574,3001901,414,93.93,3815,23.37
575,3004418,345,64.98,3820,23.69
576,3005003,371,73.82,3825,23.58
577,3009589,316,56.81,3831,23.91
578,3011358,334,61.44,3836,23.15
579,3017608,307,54.48,3843,23.37
580,3019463,611,211.89,3848,23.15
581,3029748,304,53.73,3857,23.05
582,3034859,344,64.67,3862,23.80
583,3040646,432,101.61,3868,24.01
584,3051034,217,37.04,3876,23.58
585,3059999,620,217.12,3882,23.48
586,3065529,505,145.23,3887,23.15
587,3069128,172,29.49,3894,23.69
588,3069872,252,43.42,3899,23.48
589,3086749,408,90.57,3907,23.37
590,3089561,335,61.77,3913,23.69
591,3089781,312,55.68,3918,23.15
592,3094209,487,132.65,3924,24.01
593,3099983,369,73.42,3930,23.15
594,3105278,243,41.74,3937,23.48
595,3115409,102,22.15,3944,23.15
596,3117968,236,40.44,3949,23.91
597,3124813,440,109.25,3956,23.80
598,3144868,352,66.89,3965,23.48
599,3150505,530,159.82,3972,23.58
600,3152553,252,43.42,3978,23.80
601,3156717,355,68.30,3984,23.15
602,3188580,543,164.77,3997,23.58
603,3211824,355,68.30,4011,23.15
604,3219400,384,80.08,4020,23.26
605,3221272,368,72.93,4025,23.26
606,3242703,377,76.28,4033,23.91
607,3257131,295,51.75,4043,23.15
608,3267453,359,69.86,4052,23.58
609,3269124,280,48.67,4058,23.91
610,3272154,415,95.00,4064,23.91
611,3277277,326,59.13,4069,23.58
612,3289379,287,50.23,4075,23.91
613,3291643,103,22.23,4082,23.48
614,3298146,357,68.97,4090,23.15
615,3301397,430,101.41,4095,23.15
616,3303219,569,185.56,4100,23.69
617,3305962,76,19.69,4107,23.58
618,3343171,448,112.41,4122,23.15
619,3347819,339,62.98,4132,23.15
620,3382205,305,53.88,4141,22.94
621,3409674,323,58.48,4158,23.26
622,3415375,463,119.23,4165,23.69
623,3422627,204,34.73,4175,23.15
624,3429857,332,61.17,4180,23.37
625,3440337,286,49.78,4187,23.58
626,3481312,357,68.97,4213,23.58
627,3517989,384,80.08,4234,23.58
628,3528423,512,144.44,4242,23.15
629,3542279,255,43.96,4251,23.15
630,3544626,240,41.21,4257,23.58
631,3545093,575,187.30,4263,23.48
632,3549373,355,68.30,4270,23.48
633,3569731,315,56.35,4281,23.26
634,3571333,319,57.64,4286,23.48
635,3720668,295,51.75,4343,23.37
636,4936860,316,56.81,4780,23.80
637,4947854,527,155.96,4787,23.37
638,5306222,207,35.26,4912,22.94
639,5694866,156,27.28,5045,23.48
640,7172078,448,112.41,5568,23.58
641,7839292,352,66.89,5799,24.01
642,7842591,536,160.18,5805,23.26
643,7845924,327,59.28,5811,23.58
644,7846933,511,149.39,5817,23.48
645,7851922,51,15.86,5824,24.01
646,7855228,319,57.64,5829,24.01
count,time_stamp,adc,sipm_voltage,deadtime,temperatureC
# BAD LINE: SD initialization failed!
Is,there,an,SD,card,inserted?
# BAD LINE: ##########################################################################################
###,CosmicWatch:,The,Desktop,Muon,Detector
# BAD LINE: ### Questions? saxani@mit.edu
# BAD LINE: ### Comp_date Comp_time Event Ardn_time[ms] ADC[0-1023] SiPM[mV] Deadtime[ms] Temp[C] Name
# BAD LINE: ##########################################################################################
# BAD LINE: Device ID: Leonardo
1,2717,83,20.46,0,24.01
2,2989,497,142.37,5,23.91
3,3065,231,39.55,10,23.91
4,4328,147,26.19,15,24.01
5,5330,370,73.62,20,24.01
6,6401,71,19.06,25,24.34
7,6510,220,37.58,30,24.23
8,7054,408,90.57,35,24.23
9,7128,79,20.03,40,24.44
10,7898,70,18.93,45,24.01
11,8394,76,19.69,50,24.44
# BAD LINE: SD initialization failed!
Is,there,an,SD,card,inserted?
# BAD LINE: ##########################################################################################
###,CosmicWatch:,The,Desktop,Muon,Detector
# BAD LINE: ### Questions? saxani@mit.edu
# BAD LINE: ### Comp_date Comp_time Event Ardn_time[ms] ADC[0-1023] SiPM[mV] Deadtime[ms] Temp[C] Name
# BAD LINE: ##########################################################################################
# BAD LINE: Device ID: Leonardo
1,2543,217,37.04,0,24.01
2,3707,408,90.57,5,24.01
3,3871,376,76.43,10,24.23
4,10671,319,57.64,16,24.01
5,26179,307,54.48,26,24.34
6,30345,376,76.43,32,24.34
7,33840,192,32.67,38,24.34
8,35684,384,80.08,44,24.01
9,36444,192,32.67,50,24.34
10,37765,307,54.48,55,24.01
11,37788,325,59.05,60,24.01
12,38505,368,72.93,65,24.01
13,40587,287,50.23,72,24.44
14,55453,127,24.18,80,24.23
15,64693,473,126.29,88,24.23
16,66925,291,50.97,93,24.34
17,69593,294,51.51,98,24.01
18,70346,79,20.03,103,24.34
19,71031,289,50.47,108,24.01
20,72722,384,80.08,113,24.23
21,73016,255,43.96,118,24.01
22,76376,527,155.96,123,24.44
23,88921,252,43.42,130,24.34
24,93119,50,15.67,135,24.44
25,96927,124,23.92,140,24.01
26,99458,369,73.42,148,24.01
27,104425,344,64.67,154,24.44
28,116260,652,262.10,161,24.23
29,124347,255,43.96,168,24.23
30,124777,287,50.23,173,24.44
31,127165,345,64.98,178,24.01
32,128535,263,45.37,184,24.44
33,132305,319,57.64,192,24.01
34,147233,313,56.02,201,24.34
35,154746,131,24.54,213,24.34
36,159040,348,65.64,221,24.01
37,161911,419,97.20,226,24.01
38,172278,451,113.08,237,24.44
39,175126,371,73.82,245,24.01
40,177310,419,97.20,251,23.91
41,178635,352,66.89,257,24.34
42,184894,327,59.28,262,24.44
43,185879,430,101.41,267,24.23
44,187403,231,39.55,272,24.44
45,187428,344,64.67,277,24.01
46,187811,527,155.96,282,24.34
47,194285,325,59.05,288,24.44
48,203329,319,57.64,293,24.01
49,207723,359,69.86,299,24.44
50,213226,195,33.17,306,24.34
51,219116,255,43.96,311,24.23
52,222756,265,45.75,318,24.44
53,226950,255,43.96,324,24.01
54,231705,353,67.64,334,24.23
55,239260,312,55.68,341,24.23
56,249007,376,76.43,349,24.44
57,251805,399,87.30,355,24.44
58,252488,359,69.86,360,24.23
59,253683,319,57.64,365,24.44
60,256950,249,42.85,371,24.34
61,266858,287,50.23,378,24.34
62,281509,415,95.00,388,24.34
63,285477,329,59.91,393,24.01
64,290290,281,48.90,399,24.44
65,293944,312,55.68,406,24.23
66,299479,224,38.29,411,24.01
67,303465,254,43.77,416,24.34
68,307540,391,82.35,421,24.01
69,319895,335,61.77,427,24.01
70,320631,368,72.93,432,24.34
71,329187,414,93.93,437,24.01
72,330920,203,34.56,444,24.44
73,341393,271,46.93,452,24.34
74,359019,259,44.69,463,24.34
75,362849,524,150.73,468,24.44
76,366253,335,61.77,475,24.01
77,381627,271,46.93,484,24.44
78,383797,255,43.96,490,24.01
79,390777,295,51.75,496,24.23
80,392587,301,53.09,502,24.01
81,392767,432,101.61,507,24.01
82,393233,432,101.61,512,24.34
83,395555,743,466.23,520,24.34
84,396279,270,46.71,525,24.23
85,399464,415,95.00,530,24.34
86,403205,123,23.83,535,24.01
87,406651,335,61.77,542,24.44
88,407494,511,149.39,547,24.23
89,410799,231,39.55,553,24.34
90,419156,240,41.21,560,24.01
91,419587,435,104.92,565,24.23
92,424167,652,262.10,572,24.34
93,424778,229,39.22,577,24.23
94,428607,307,54.48,583,24.44
95,429802,344,64.67,588,24.01
96,430995,323,58.48,593,24.23
97,432577,188,32.01,600,24.34
98,445339,409,91.12,607,24.44
99,448948,433,104.37,613,23.91
100,451212,551,164.56,618,24.01
101,454223,248,42.69,626,24.34
102,460204,654,259.18,635,24.34
103,464772,319,57.64,641,24.01
104,466691,499,141.24,647,24.44
105,469994,423,97.36,653,24.01
106,471803,295,51.75,660,24.44
107,474560,355,68.30,666,24.01
108,477029,300,52.79,671,24.44
109,480373,96,21.67,676,24.01
110,480967,240,41.21,681,24.23
111,483562,143,25.74,687,24.23
112,485383,294,51.51,692,24.01
113,485524,327,59.28,697,24.34
114,494067,455,117.03,704,24.44
115,495625,352,66.89,709,24.01
116,506166,123,23.83,716,24.01
117,508562,295,51.75,724,24.01
118,522133,216,36.85,733,24.01
119,523505,518,151.06,739,24.01
120,526950,332,61.17,746,24.01
121,527627,240,41.21,751,24.44
122,527815,390,82.70,756,24.01
123,530855,384,80.08,762,24.44
124,531004,352,66.89,767,24.01
125,535524,344,64.67,772,23.91
126,560272,67,18.51,781,24.34
127,564424,240,41.21,786,24.34
128,564826,371,73.82,791,24.01
129,571639,280,48.67,802,24.01
130,602481,368,72.93,815,24.34
131,604607,476,129.76,821,24.01
132,621106,89,21.05,832,24.23
133,626988,376,76.43,837,24.44
134,639313,453,113.81,845,24.01
135,642892,307,54.48,850,23.80
136,649910,88,20.96,856,24.23
137,662304,280,48.67,862,24.01
138,662890,435,104.92,867,23.91
139,665818,492,134.92,873,24.23
140,669620,323,58.48,878,24.01
141,674246,344,64.67,884,24.23
142,677964,255,43.96,891,24.44
143,681040,457,118.95,897,24.34
144,691253,504,143.61,906,24.01
145,703747,385,80.11,917,24.01
146,704505,327,59.28,922,24.23
147,708713,352,66.89,928,24.44
148,718137,505,145.23,936,24.01
149,723452,513,148.53,943,24.01
150,724110,319,57.64,948,24.01
151,738173,88,20.96,956,24.01
152,739741,433,104.37,961,24.01
153,743560,230,39.39,967,24.23
154,744148,369,73.42,972,24.12
155,750233,409,91.12,980,24.44
156,750356,339,62.98,985,24.12
157,751486,319,57.64,991,24.44
158,752509,368,72.93,996,24.34
159,758935,366,72.41,1001,23.91
160,777548,399,87.30,1013,23.58
161,779220,184,31.36,1018,24.01
162,785512,240,41.21,1024,24.23
163,791756,309,55.01,1032,24.01
164,795274,303,53.47,1039,24.01
165,796588,428,101.58,1045,24.01
166,819337,505,145.23,1053,24.01
167,829410,473,126.29,1060,24.23
168,835635,487,132.65,1066,24.44
169,841160,267,46.14,1074,24.01
170,846920,441,109.77,1082,24.34
171,855741,285,49.78,1089,24.23
172,856879,344,64.67,1094,24.44
173,867044,355,68.30,1100,24.44
174,869052,344,64.67,1105,24.01
175,870649,396,85.28,1110,24.44
176,873147,231,39.55,1116,24.01
177,874976,193,32.84,1121,23.80
178,883532,295,51.75,1130,24.34
179,883552,287,50.23,1135,24.01
180,886942,304,53.73,1140,24.01
181,889187,368,72.93,1145,24.23
182,898494,291,50.97,1151,24.01
183,901024,332,61.17,1157,24.01
184,903818,606,221.61,1162,24.23
185,906887,312,55.68,1168,24.23
186,908376,268,46.26,1173,24.34
187,912714,263,45.37,1181,23.91
188,925939,143,25.74,1194,23.58
189,934033,57,16.93,1201,24.01
190,935775,281,48.90,1207,24.12
191,937617,300,52.79,1213,24.44
192,940670,492,134.92,1218,24.34
193,942430,487,132.65,1226,24.44
194,948179,345,64.98,1234,24.44
195,959338,252,43.42,1241,23.80
196,959796,344,64.67,1248,24.01
197,961044,70,18.93,1253,24.01
198,967962,319,57.64,1260,23.80
199,970501,227,38.83,1266,24.01
200,978978,243,41.74,1274,24.01
201,980388,207,35.26,1280,24.23
202,985998,275,47.73,1288,24.23
203,991723,376,76.43,1295,24.01
204,994872,490,139.21,1302,24.01
205,997463,371,73.82,1308,24.23
206,999005,358,69.10,1313,24.01
207,999149,254,43.77,1318,24.44
208,1002017,312,55.68,1324,24.01
209,1002143,435,104.92,1329,23.80
210,1003748,352,66.89,1334,23.91
211,1015202,368,72.93,1342,24.01
212,1018534,402,87.25,1347,24.01
213,1019160,432,101.61,1352,23.80
214,1036830,428,101.58,1361,24.44
215,1043397,519,154.30,1367,24.12
216,1047404,348,65.64,1374,24.34
217,1051000,371,73.82,1379,24.01
218,1051939,377,76.28,1385,24.01
219,1053456,270,46.71,1391,24.34
220,1060453,323,58.48,1399,24.01
221,1061693,419,97.20,1405,24.44
222,1066823,463,119.23,1412,24.12
223,1074505,199,33.86,1419,23.91
224,1080322,480,130.21,1424,24.23
225,1083186,284,49.41,1431,24.01
226,1085681,335,61.77,1437,24.01
227,1096154,335,61.77,1443,24.01
228,1096352,391,82.35,1448,24.23
229,1099171,387,81.05,1453,24.34
230,1103108,435,104.92,1459,23.91
231,1103131,327,59.28,1464,24.01
232,1104989,412,92.93,1471,24.01
233,1107271,428,101.58,1476,23.58
234,1107336,263,45.37,1481,23.91
235,1111404,287,50.23,1488,24.34
236,1115111,263,45.37,1494,24.34
237,1119961,412,92.93,1501,24.01
238,1133624,294,51.51,1508,23.91
239,1144114,353,67.64,1516,24.01
240,1158648,250,43.04,1523,24.01
241,1160727,285,49.78,1530,24.34
242,1163846,366,72.41,1537,24.23
243,1164324,399,87.30,1542,23.91
244,1178086,391,82.35,1551,24.23
245,1198715,398,85.63,1562,23.80
246,1201702,255,43.96,1569,24.34
247,1202333,403,88.99,1574,24.01
248,1202442,99,21.91,1579,24.01
249,1202671,76,19.69,1585,24.23
250,1204218,238,40.82,1590,24.01
251,1212085,332,61.17,1598,24.01
252,1212824,184,31.36,1604,24.01
253,1214599,399,87.30,1609,24.01
254,1216582,423,97.36,1614,24.44
255,1221228,423,97.36,1619,24.01
256,1222446,323,58.48,1626,24.34
257,1223862,252,43.42,1632,24.44
258,1226009,384,80.08,1639,24.23
259,1226218,344,64.67,1644,24.01
260,1226988,263,45.37,1649,23.58
261,1228550,448,112.41,1657,24.01
262,1236767,185,31.51,1665,24.01
263,1245908,57,16.93,1671,24.01
264,1248112,652,262.10,1677,24.34
265,1258115,344,64.67,1688,24.01
266,1258685,280,48.67,1693,24.01
267,1260282,287,50.23,1699,24.23
268,1264323,307,54.48,1705,24.01
269,1264828,287,50.23,1710,24.23
270,1272264,269,46.58,1716,24.01
271,1273141,263,45.37,1722,24.34
272,1277923,387,81.05,1728,24.23
273,1283586,376,76.43,1735,24.01
274,1285212,518,151.06,1740,24.12
275,1285278,510,148.47,1746,23.91
276,1303882,348,65.64,1753,24.01
277,1304913,387,81.05,1758,24.12
278,1306201,317,56.91,1763,24.01
279,1307380,348,65.64,1768,24.01
280,1310182,536,160.18,1773,24.01
281,1316705,240,41.21,1782,24.01
282,1317023,252,43.42,1788,24.23
283,1319368,543,164.77,1794,24.01
284,1334288,192,32.67,1802,24.01
285,1359794,307,54.48,1818,24.34
286,1363106,287,50.23,1824,24.34
287,1364001,448,112.41,1830,23.80
288,1373007,387,81.05,1838,23.69
289,1379163,460,119.54,1845,24.01
290,1381592,371,73.82,1852,24.01
291,1384593,408,90.57,1857,24.23
292,1394011,236,40.44,1866,24.01
293,1394684,398,85.63,1872,24.01
294,1395128,152,26.78,1877,24.01
295,1398764,295,51.75,1882,24.01
296,1420339,368,72.93,1892,23.91
297,1421650,284,49.41,1899,24.23
298,1426683,99,21.91,1906,24.01
299,1440650,259,44.69,1915,24.34
300,1442879,335,61.77,1922,24.12
301,1444236,334,61.44,1927,24.23
302,1445128,243,41.74,1932,24.44
303,1450571,390,82.70,1942,24.23
304,1454921,344,64.67,1948,24.23
305,1457174,319,57.64,1954,24.01
306,1462844,305,53.88,1961,24.34
307,1464107,285,49.78,1967,23.48
308,1464208,280,48.67,1973,24.23
309,1466632,224,38.29,1979,24.34
310,1472457,460,119.54,1987,24.23
311,1477577,654,259.18,1994,24.34
312,1480538,284,49.41,2001,23.91
313,1481704,88,20.96,2008,24.01
314,1492557,403,88.99,2018,24.01
315,1498720,487,132.65,2026,23.91
316,1498919,380,78.12,2032,24.01
317,1503070,327,59.28,2038,24.01
318,1503388,127,24.18,2044,24.01
319,1507446,302,53.30,2051,23.91
320,1510942,327,59.28,2056,23.80
321,1516623,433,104.37,2063,24.34
322,1517957,403,88.99,2068,23.91
323,1519005,399,87.30,2073,24.23
324,1522903,753,514.96,2079,24.34
325,1532398,319,57.64,2086,24.23
326,1539572,627,249.17,2092,24.01
327,1558281,451,113.08,2099,24.01
328,1561521,332,61.17,2105,24.01
329,1562680,510,148.47,2113,24.23
330,1568631,263,45.37,2120,23.69
331,1569188,785,647.86,2126,23.91
332,1571808,280,48.67,2132,24.01
333,1574130,268,46.26,2139,24.01
334,1574710,344,64.67,2145,23.58
335,1574919,517,151.05,2150,24.34
336,1591407,345,64.98,2160,24.01
337,1602998,371,73.82,2168,24.23
338,1608144,355,68.30,2175,24.12
339,1608880,270,46.71,2180,23.91
340,1610021,348,65.64,2188,24.34
341,1614133,300,52.79,2194,24.23
342,1614357,243,41.74,2200,24.34
343,1621466,231,39.55,2206,24.23
344,1628299,345,64.98,2215,24.34
345,1640730,408,90.57,2222,24.34
346,1644291,460,119.54,2227,23.91
347,1652639,259,44.69,2237,23.91
348,1656099,428,101.58,2243,24.23
349,1664079,332,61.17,2250,24.01
350,1666929,231,39.55,2256,24.01
351,1670098,327,59.28,2262,24.01
352,1670346,450,114.31,2268,23.69
353,1676863,224,38.29,2275,24.01
354,1679632,227,38.83,2282,24.23
355,1701672,366,72.41,2293,24.01
356,1708787,327,59.28,2300,23.91
357,1712106,323,58.48,2306,24.01
358,1713785,418,96.60,2314,24.01
359,1726831,304,53.73,2324,24.01
360,1728046,270,46.71,2329,24.01
361,1737123,348,65.64,2337,24.23
362,1746515,335,61.77,2346,24.01
363,1753640,419,97.20,2354,24.01
364,1756140,291,50.97,2359,24.01
365,1757035,316,56.81,2365,24.12
366,1761871,316,56.81,2372,24.12
367,1765362,295,51.75,2377,23.80
368,1778330,263,45.37,2384,23.91
369,1789703,325,59.05,2390,23.91
370,1790460,338,62.67,2396,24.01
371,1791919,284,49.41,2401,24.01
372,1795187,391,82.35,2407,24.34
373,1802470,485,135.76,2415,23.80
374,1802804,253,43.55,2421,23.58
375,1806004,78,19.92,2427,24.01
376,1806902,355,68.30,2433,24.23
377,1816170,583,201.26,2438,24.01
378,1817863,515,147.53,2445,24.01
379,1825073,345,64.98,2452,24.12
380,1827256,115,23.18,2457,23.91
381,1835340,259,44.69,2467,23.69
382,1835938,462,120.87,2473,23.91
383,1841901,241,41.39,2480,24.01
384,1847902,376,76.43,2488,24.01
385,1860327,604,210.97,2496,23.48
386,1860781,499,141.24,2502,24.34
387,1864166,76,19.69,2508,23.91
388,1871129,227,38.83,2514,23.58
389,1879609,262,45.24,2523,24.01
390,1880198,432,101.61,2530,24.01
391,1883634,352,66.89,2535,23.80
392,1888563,499,141.24,2543,24.01
393,1889796,384,80.08,2549,23.58
394,1904132,255,43.96,2560,24.01
395,1909230,249,42.85,2565,24.01
396,1909459,344,64.67,2571,23.91
397,1910891,344,64.67,2576,23.91
398,1922231,135,24.92,2583,23.91
399,1946031,263,45.37,2595,23.91
400,1949887,344,64.67,2601,24.01
401,1953185,271,46.93,2606,24.01
402,1954969,364,71.71,2612,24.34
403,1955339,428,101.58,2617,24.23
404,1956830,333,61.18,2622,23.91
405,1968346,472,125.87,2633,24.23
406,1971744,352,66.89,2639,23.15
407,1974682,339,62.98,2644,23.37
408,1976472,281,48.90,2649,23.80
409,1990135,284,49.41,2655,23.37
410,1990268,357,68.97,2661,23.91
411,1994598,332,61.17,2666,24.34
412,1995539,332,61.17,2672,24.01
413,2000935,231,39.55,2679,23.91
414,2006711,285,49.78,2685,24.12
415,2007808,415,95.00,2691,23.80
416,2008431,515,147.53,2696,23.58
417,2019570,57,16.93,2706,24.34
418,2024480,515,147.53,2714,23.69
419,2029224,505,145.23,2722,23.58
420,2035374,281,48.90,2728,23.80
421,2038183,302,53.30,2734,23.91
422,2040372,92,21.32,2739,23.91
423,2051862,172,29.49,2753,24.01
424,2053046,371,73.82,2758,23.80
425,2058000,287,50.23,2764,24.23
426,2059922,401,87.91,2769,23.80
427,2068499,253,43.55,2776,23.80
428,2073271,295,51.75,2784,23.58
429,2077680,143,25.74,2790,24.01
430,2080706,319,57.64,2796,24.01
431,2084648,655,252.34,2802,23.91
432,2090906,231,39.55,2808,24.01
433,2097598,350,66.46,2817,23.91
434,2097618,326,59.13,2822,24.01
435,2099201,344,64.67,2828,23.91
436,2107632,396,85.28,2838,23.91
437,2108649,355,68.30,2843,24.01
438,2109260,327,59.28,2848,23.91
439,2112254,198,33.69,2855,23.91
440,2116826,114,23.10,2860,24.23
441,2117544,199,33.86,2867,23.80
442,2118547,220,37.58,2872,23.80
443,2122742,227,38.83,2880,24.23
444,2138230,332,61.17,2890,23.91
445,2140069,492,134.92,2896,23.58
446,2141693,184,31.36,2902,24.23
447,2141810,472,125.87,2907,24.01
448,2141854,304,53.73,2913,24.23
449,2144185,227,38.83,2918,23.91
450,2144808,364,71.71,2924,24.23
451,2146917,487,132.65,2929,24.01
452,2150764,671,277.06,2937,24.01
453,2158263,364,71.71,2943,24.01
454,2159095,143,25.74,2949,24.01
455,2159856,377,76.28,2956,23.80
456,2160578,71,19.06,2961,23.91
457,2167070,457,118.95,2969,24.01
458,2171948,451,113.08,2975,23.58
459,2181321,295,51.75,2981,24.01
460,2192714,113,23.02,2989,23.91
461,2200427,359,69.86,2999,24.01
462,2215108,312,55.68,3005,24.01
463,2219921,368,72.93,3011,24.01
464,2221705,690,313.65,3016,23.58
465,2221887,462,120.87,3021,24.34
466,2225106,298,52.37,3027,23.91
467,2229809,245,42.08,3033,23.91
468,2239454,433,104.37,3041,24.01
469,2246669,323,58.48,3047,24.01
470,2247184,248,42.69,3054,24.01
471,2247799,719,344.94,3060,24.34
472,2249402,368,72.93,3066,24.01
473,2257188,332,61.17,3074,24.12
474,2258356,480,130.21,3080,23.58
475,2259501,300,52.79,3086,23.80
476,2261761,590,200.72,3093,23.80
477,2261927,224,38.29,3099,24.12
478,2262336,366,72.41,3105,23.80
479,2269209,412,92.93,3114,24.01
480,2270240,432,101.61,3121,24.23
481,2275730,600,203.87,3127,23.48
482,2280175,415,95.00,3133,23.58
483,2283785,369,73.42,3139,23.91
484,2299851,511,149.39,3146,24.01
485,2306295,221,37.76,3156,24.01
486,2313280,428,101.58,3164,23.91
487,2317494,82,20.36,3172,23.69
488,2320840,81,20.25,3178,23.58
489,2321446,271,46.93,3183,23.80
490,2325120,414,93.93,3189,24.23
491,2330467,307,54.48,3196,24.01
492,2335555,399,87.30,3202,24.01
493,2337084,291,50.97,3207,24.12
494,2339450,385,80.11,3213,24.01
495,2342216,284,49.41,3219,24.23
496,2343508,729,380.02,3225,24.01
497,2352076,339,62.98,3233,24.01
498,2352656,418,96.60,3238,24.34
499,2352996,396,85.28,3243,23.80
500,2355302,344,64.67,3248,24.01
501,2356316,455,117.03,3253,23.58
502,2359274,227,38.83,3260,23.37
503,2359793,348,65.64,3266,24.01
504,2363802,348,65.64,3273,23.91
505,2370743,99,21.91,3278,23.80
506,2374625,353,67.64,3283,23.69
507,2376122,462,120.87,3288,24.01
508,2378179,280,48.67,3295,23.48
509,2387158,323,58.48,3303,24.01
510,2391949,453,113.81,3311,24.44
511,2405663,312,55.68,3320,24.01
512,2405950,284,49.41,3325,24.34
513,2408755,352,66.89,3331,23.80
514,2412329,312,55.68,3338,23.58
515,2428864,387,81.05,3349,24.01
516,2430776,583,201.26,3355,24.23
517,2433780,339,62.98,3361,23.91
518,2439057,348,65.64,3367,23.91
519,2439804,460,119.54,3372,24.12
520,2440068,241,41.39,3378,23.80
521,2443110,67,18.51,3387,24.01
522,2444104,185,31.51,3393,24.01
523,2457893,508,144.95,3400,24.23
524,2466163,386,80.48,3407,24.01
525,2478851,76,19.69,3419,24.01
526,2479467,312,55.68,3424,23.58
527,2494354,396,85.28,3434,23.91
528,2496809,302,53.30,3440,24.01
529,2502936,291,50.97,3446,23.91
530,2515720,376,76.43,3453,23.91
531,2516738,423,97.36,3458,23.48
532,2519550,332,61.17,3463,24.01
533,2521306,345,64.98,3469,23.58
534,2534055,364,71.71,3478,24.01
535,2540849,142,25.64,3486,24.01
536,2542862,323,58.48,3492,24.44
537,2543170,231,39.55,3498,23.58
538,2544058,287,50.23,3504,23.91
539,2544451,339,62.98,3510,24.44
540,2557556,263,45.37,3517,24.01
541,2565526,255,43.96,3524,24.01
542,2591404,384,80.08,3533,24.23
543,2605178,455,117.03,3539,23.48
544,2605365,249,42.85,3546,24.23
545,2606499,463,119.23,3552,24.01
546,2614528,127,24.18,3558,24.01
547,2616678,270,46.71,3564,23.80
548,2619706,312,55.68,3570,24.23
549,2620611,312,55.68,3576,24.01
550,2620828,306,54.23,3581,23.91
551,2621546,408,90.57,3587,24.01
552,2624271,319,57.64,3592,24.01
553,2624764,281,48.90,3597,23.91
554,2629786,304,53.73,3604,24.01
555,2635623,358,69.10,3609,23.91
556,2646512,307,54.48,3616,24.01
557,2647368,242,41.58,3621,23.80
558,2647932,304,53.73,3627,23.80
559,2652529,408,90.57,3635,24.01
560,2659208,364,71.71,3640,24.01
561,2661056,220,37.58,3645,24.01
562,2667731,271,46.93,3652,24.01
563,2681118,227,38.83,3660,24.01
564,2685978,287,50.23,3666,23.58
565,2694422,415,95.00,3672,23.91
566,2701237,211,35.96,3682,24.01
567,2704191,517,151.05,3687,24.23
568,2707068,527,155.96,3693,24.01
569,2709943,426,100.89,3701,24.01
570,2716352,152,26.78,3706,23.91
571,2733262,380,78.12,3714,23.91
572,2734626,636,231.85,3720,24.34
573,2742155,332,61.17,3726,24.01
574,2743773,527,155.96,3732,24.23
575,2754869,316,56.81,3740,24.01
576,2756094,371,73.82,3745,24.01
577,2768117,159,27.66,3752,24.01
578,2777580,430,101.41,3759,24.01
579,2790590,344,64.67,3767,23.91
580,2795062,359,69.86,3773,23.26
581,2798510,415,95.00,3779,23.80
582,2800415,300,52.79,3785,23.80
583,2802455,316,56.81,3792,23.69
584,2807271,403,88.99,3798,24.01
585,2811651,295,51.75,3803,24.01
586,2814419,393,83.55,3809,23.58
587,2814992,412,92.93,3814,24.01
588,2816943,266,46.00,3821,23.37
589,2818744,207,35.26,3827,23.91
590,2819175,359,69.86,3832,24.01
591,2839658,281,48.90,3844,23.80
592,2842054,583,201.26,3850,23.48
593,2842492,864,739.66,3856,23.58
594,2843414,448,112.41,3862,23.69
595,2843498,460,119.54,3868,23.58
596,2848432,403,88.99,3875,23.69
597,2868982,423,97.36,3887,23.69
598,2873529,335,61.77,3893,23.48
599,2875352,280,48.67,3898,23.15
600,2876813,172,29.49,3904,23.91
601,2881835,352,66.89,3910,23.80
602,2882013,590,200.72,3915,23.15
603,2891387,465,122.12,3928,23.80
604,2893096,281,48.90,3934,24.01
605,2897764,319,57.64,3940,24.01
606,2898995,263,45.37,3945,24.23
607,2905044,335,61.77,3954,23.91
608,2913613,423,97.36,3960,24.34
609,2913776,280,48.67,3965,23.91
610,2922127,335,61.77,3972,23.58
611,2927022,69,18.79,3977,23.91
612,2933888,318,57.28,3984,23.69
613,2936653,560,175.34,3989,23.37
614,2938413,455,117.03,3995,23.48
615,2942204,291,50.97,4001,23.15
616,2945424,380,78.12,4009,23.37
617,2946636,498,140.86,4014,23.15
618,2948031,455,117.03,4020,23.15
619,2950251,280,48.67,4026,23.58
620,2951059,678,274.92,4032,23.80
621,2954470,287,50.23,4039,23.91
622,2954607,231,39.55,4045,23.37
623,2955353,89,21.05,4051,23.69
624,2960557,313,56.02,4056,23.37
625,2960779,319,57.64,4061,23.26
626,2964081,243,41.74,4066,23.15
627,2971938,295,51.75,4075,23.80
628,2973224,359,69.86,4082,23.80
629,2976040,229,39.22,4088,23.48
630,2984619,319,57.64,4096,23.58
631,2987159,403,88.99,4102,23.15
632,2987309,287,50.23,4107,23.26
633,2987746,77,19.81,4113,22.83
634,2990078,401,87.91,4118,23.69
635,2991363,359,69.86,4123,23.69
636,2997148,384,80.08,4129,23.91
637,2997388,295,51.75,4134,23.48
638,2998455,542,168.67,4140,23.26
639,3010827,485,135.76,4147,23.37
640,3012030,355,68.30,4153,23.05
641,3020366,391,82.35,4159,23.48
642,3022237,339,62.98,4164,23.37
643,3026046,243,41.74,4172,23.58
644,3031732,497,142.37,4179,23.80
645,3034226,286,49.78,4185,23.48
646,3035358,432,101.61,4191,24.01
647,3037652,291,50.97,4196,23.48
648,3039690,254,43.77,4202,24.01
649,3048347,366,72.41,4208,23.69
650,3049533,505,145.23,4214,23.48
651,3057432,269,46.58,4221,23.80
652,3061736,414,93.93,4228,23.69
653,3067390,259,44.69,4234,23.15
654,3072153,224,38.29,4241,23.15
655,3076566,332,61.17,4248,23.48
656,3081329,627,249.17,4254,23.37
657,3089186,332,61.17,4259,23.26
658,3090657,313,56.02,4265,23.48
659,3093362,60,17.43,4271,23.69
660,3098213,195,33.17,4279,23.48
661,3104738,307,54.48,4284,23.26
662,3108877,287,50.23,4290,23.80
663,3122382,185,31.51,4298,23.48
664,3123365,249,42.85,4303,23.15
665,3126141,556,174.47,4309,23.48
666,3145305,88,20.96,4324,23.05
667,3145907,307,54.48,4329,22.83
668,3153123,295,51.75,4337,23.37
669,3167128,339,62.98,4344,23.58
670,3171640,134,24.82,4350,23.48
671,3174625,307,54.48,4358,22.94
672,3187424,295,51.75,4366,23.69
673,3193586,327,59.28,4373,23.05
674,3195680,448,112.41,4379,22.94
675,3196038,335,61.77,4385,23.58
676,3200721,352,66.89,4391,23.58
677,3208506,176,30.09,4398,23.05
678,3211802,295,51.75,4404,23.15
679,3213434,414,93.93,4410,23.37
680,3219201,415,95.00,4416,23.05
681,3220555,359,69.86,4422,23.48
682,3222218,284,49.41,4428,23.26
683,3230552,366,72.41,4434,23.15
684,3233408,280,48.67,4440,23.26
685,3239213,108,22.63,4446,23.26
686,3240589,344,64.67,4451,23.58
687,3242966,231,39.55,4457,23.37
688,3244206,255,43.96,4463,23.69
689,3248701,575,187.30,4468,23.26
690,3259677,376,76.43,4476,23.58
691,3263678,423,97.36,4481,23.48
692,3269977,423,97.36,4487,23.15
693,3272150,543,164.77,4494,22.94
694,3272952,409,91.12,4500,23.48
695,3273383,344,64.67,4505,22.94
696,3277602,504,143.61,4511,22.94
697,3277977,318,57.28,4517,23.15
698,3278845,487,132.65,4522,22.94
699,3280418,255,43.96,4529,22.94
700,3288813,335,61.77,4535,22.83
701,3298783,281,48.90,4543,23.37
702,3302176,391,82.35,4549,23.15
703,3304976,271,46.93,4554,23.48
704,3305955,480,130.21,4560,23.37
705,3306485,472,125.87,4566,23.37
706,3310949,355,68.30,4574,22.94
707,3335037,408,90.57,4583,23.15
708,3345635,249,42.85,4589,23.26
709,3359502,463,119.23,4602,23.05
710,3361668,249,42.85,4608,22.83
711,3364512,291,50.97,4614,22.94
712,3367493,207,35.26,4620,22.94
713,3371762,319,57.64,4626,22.94
714,3371788,483,132.60,4631,22.94
715,3375447,98,21.83,4638,23.15
716,3375930,376,76.43,4643,23.15
717,3379775,423,97.36,4649,22.83
718,3381575,275,47.73,4655,22.94
719,3403448,339,62.98,4664,22.83
720,3409642,449,112.05,4673,22.83
721,3415364,184,31.36,4680,23.05
722,3417519,743,466.23,4685,22.94
723,3418437,451,113.08,4690,23.37
724,3419417,287,50.23,4696,23.05
725,3423705,252,43.42,4702,23.05
726,3424403,792,615.27,4708,22.94
727,3425441,254,43.77,4713,22.83
728,3433940,323,58.48,4720,22.83
729,3436554,359,69.86,4726,22.83
730,3436730,409,91.12,4731,22.83
731,3448321,185,31.51,4741,23.26
732,3453486,316,56.81,4747,22.94
733,3454046,63,17.91,4752,22.94
734,3461863,679,318.29,4760,22.72
735,3468219,428,101.58,4768,22.94
736,3468317,332,61.17,4773,23.37
737,3470251,384,80.08,4779,22.94
738,3470325,355,68.30,4784,22.83
739,3481791,57,16.93,4790,23.15
740,3481800,385,80.11,4796,23.15
741,3495743,604,210.97,4808,22.94
742,3500486,280,48.67,4814,23.05
743,3500840,281,48.90,4820,23.15
744,3501642,304,53.73,4826,22.94
745,3508655,455,117.03,4832,22.94
746,3509124,287,50.23,4838,22.83
747,3511013,515,147.53,4844,22.94
748,3530994,434,104.89,4854,22.83
749,3548657,270,46.71,4864,22.94
750,3553500,354,67.99,4870,23.48
751,3556982,327,59.28,4875,22.94
752,3578811,668,291.28,4884,23.15
753,3583318,334,61.44,4890,23.05
754,3606820,732,451.17,4900,23.48
755,3607951,515,147.53,4905,23.15
756,3615584,451,113.08,4912,22.94
757,3624406,231,39.55,4918,23.15
758,3625077,281,48.90,4925,22.94
759,3625757,671,277.06,4931,23.05
760,3629290,415,95.00,4936,22.94
761,3630531,716,337.96,4941,22.94
762,3634790,419,97.20,4946,23.15
763,3636449,371,73.82,4951,23.15
764,3637175,387,81.05,4956,23.05
765,3642400,485,135.76,4962,22.94
766,3652674,313,56.02,4970,23.15
767,3661919,368,72.93,4977,23.69
768,3671474,319,57.64,4988,23.05
769,3673934,384,80.08,4993,23.15
770,3674732,206,35.07,4998,22.94
771,3675238,440,109.25,5003,23.15
772,3677403,515,147.53,5008,22.94
773,3684166,313,56.02,5017,23.15
774,3689799,444,109.09,5022,22.94
775,3692444,536,160.18,5027,23.05
776,3696106,412,92.93,5033,23.37
777,3699829,332,61.17,5041,22.94
778,3701116,265,45.75,5047,22.83
779,3701966,312,55.68,5053,22.94
780,3703938,267,46.14,5059,23.26
781,3707500,511,149.39,5066,23.48
782,3707822,88,20.96,5072,23.15
783,3714599,423,97.36,5078,23.15
784,3718775,337,62.30,5084,23.15
785,3721980,462,120.87,5090,23.05
786,3722713,339,62.98,5096,23.05
787,3723530,224,38.29,5101,22.94
788,3728865,167,28.76,5108,23.15
789,3730097,178,30.40,5114,23.15
790,3731645,399,87.30,5119,22.94
791,3732470,396,85.28,5124,23.37
792,3735265,593,187.91,5130,23.26
793,3736791,451,113.08,5136,23.26
794,3752167,368,72.93,5143,22.94
795,3758348,332,61.17,5148,23.15
796,3767834,385,80.11,5156,23.05
797,3772591,98,21.83,5161,23.05
798,3781144,327,59.28,5168,22.83
799,3781539,465,122.12,5174,23.15
800,3782419,743,466.23,5180,23.15
801,3785395,254,43.77,5186,23.05
802,3787241,399,87.30,5192,23.15
803,3789218,60,17.43,5197,22.94
804,3796702,295,51.75,5205,23.58
805,3797693,385,80.11,5211,23.26
806,3804559,263,45.37,5220,22.83
807,3805424,249,42.85,5226,23.15
808,3818302,423,97.36,5233,23.37
809,3820707,504,143.61,5238,23.26
810,3820984,376,76.43,5244,23.15
811,3821574,575,187.30,5249,23.15
812,3824056,216,36.85,5256,23.15
813,3827334,281,48.90,5261,22.94
814,3839042,271,46.93,5267,23.15
815,3839781,211,35.96,5274,23.15
816,3841667,350,66.46,5279,23.15
817,3844276,81,20.25,5285,23.15
818,3849029,551,164.56,5290,23.15
819,3856388,451,113.08,5298,23.15
820,3863692,281,48.90,5304,23.15
821,3869025,287,50.23,5312,23.26
822,3872986,332,61.17,5319,22.94
823,3875048,323,58.48,5325,23.15
824,3876530,632,232.56,5331,23.05
825,3877008,345,64.98,5336,22.94
826,3878673,391,82.35,5341,23.05
827,3902531,271,46.93,5351,22.94
828,3912296,515,147.53,5363,23.15
829,3919513,305,53.88,5370,22.94
830,3925057,300,52.79,5379,23.48
831,3926858,281,48.90,5385,22.83
832,3928040,316,56.81,5392,23.05
833,3937501,440,109.25,5397,23.05
834,3961714,339,62.98,5408,22.94
835,3966085,620,217.12,5414,23.15
836,3967129,295,51.75,5419,22.94
837,3974565,319,57.64,5426,22.94
838,3980604,204,34.73,5433,23.26
839,3989774,368,72.93,5442,23.37
840,3992439,824,662.09,5447,23.15
841,3994935,335,61.77,5452,23.15
842,3999758,295,51.75,5457,22.83
843,4014902,316,56.81,5468,23.26
844,4018313,368,72.93,5475,23.15
845,4018677,177,30.25,5480,23.58
846,4018913,255,43.96,5485,23.15
847,4019585,355,68.30,5490,23.48
848,4019722,403,88.99,5495,23.48
849,4029361,415,95.00,5502,22.83
850,4037966,307,54.48,5508,23.05
851,4047640,255,43.96,5514,22.94
852,4048323,572,183.73,5519,23.05
853,4053334,558,172.78,5528,23.26
854,4063049,263,45.37,5535,23.26
855,4072448,583,201.26,5544,23.05
856,4074941,376,76.43,5551,23.15
857,4084879,220,37.58,5562,23.69
858,4086102,280,48.67,5567,22.83
859,4089218,255,43.96,5573,22.62
860,4109270,497,142.37,5581,23.26
861,4110844,143,25.74,5587,23.26
862,4129024,499,141.24,5595,23.37
863,4133026,408,90.57,5603,23.80
864,4133176,594,199.72,5608,22.94
865,4134951,295,51.75,5615,23.58
866,4144296,243,41.74,5623,23.37
867,4144392,280,48.67,5629,23.26
868,4148104,387,81.05,5636,22.94
869,4155851,384,80.08,5641,23.15
870,4157080,365,71.38,5646,23.69
871,4160406,385,80.11,5653,23.26
872,4167625,344,64.67,5660,23.15
873,4168709,291,50.97,5665,23.58
874,4172326,274,47.52,5673,23.58
875,4183398,231,39.55,5683,23.05
876,4191195,307,54.48,5691,22.94
877,4191532,391,82.35,5696,23.37
878,4194999,243,41.74,5704,23.48
879,4196635,335,61.77,5710,22.94
880,4201950,307,54.48,5716,23.48
881,4206693,307,54.48,5722,23.26
882,4216578,248,42.69,5728,23.15
883,4218974,536,160.18,5734,23.37
884,4222910,371,73.82,5741,23.48
885,4223520,263,45.37,5746,23.91
886,4223901,284,49.41,5752,23.80
887,4231311,255,43.96,5760,23.26
888,4232157,391,82.35,5766,23.15
889,4233620,255,43.96,5771,22.94
890,4235389,268,46.26,5776,23.48
891,4236949,271,46.93,5782,23.58
892,4244992,415,95.00,5790,23.91
893,4245096,325,59.05,5795,23.58
894,4245416,352,66.89,5801,23.48
895,4247630,473,126.29,5808,23.48
896,4250445,409,91.12,5814,23.58
897,4257090,350,66.46,5823,23.15
898,4258791,216,36.85,5829,23.48
899,4260606,327,59.28,5834,23.80
900,4261595,280,48.67,5840,23.05
901,4264333,306,54.23,5848,22.94
902,4267239,240,41.21,5854,23.48
903,4272664,291,50.97,5862,23.69
904,4275092,384,80.08,5869,23.80
905,4283692,345,64.98,5877,23.15
906,4298032,499,141.24,5884,23.58
907,4306469,249,42.85,5891,23.05
908,4312897,428,101.58,5899,23.05
909,4314850,504,143.61,5905,23.69
910,4317157,307,54.48,5911,23.05
911,4319066,352,66.89,5916,23.48
912,4320366,329,59.91,5921,23.37
913,4320573,527,155.96,5926,23.48
914,4321410,304,53.73,5933,23.48
915,4329011,167,28.76,5942,23.37
916,4329973,364,71.71,5947,23.58
917,4336865,291,50.97,5952,23.15
918,4339743,348,65.64,5958,23.48
919,4341204,697,299.81,5963,23.15
920,4356352,421,97.33,5971,23.26
921,4358615,243,41.74,5976,23.15
922,4359817,255,43.96,5982,23.05
923,4371019,391,82.35,5988,23.26
924,4382081,517,151.05,5996,23.58
925,4383767,371,73.82,6003,23.05
926,4385115,332,61.17,6008,23.48
927,4386441,286,49.78,6015,22.94
928,4392512,632,232.56,6024,23.58
929,4401530,249,42.85,6033,22.94
930,4407300,504,143.61,6040,22.94
931,4412434,632,232.56,6047,23.37
932,4412783,252,43.42,6052,23.48
933,4419116,412,92.93,6061,23.15
934,4430195,430,101.41,6068,23.05
935,4431627,519,154.30,6074,23.15
936,4435567,236,40.44,6080,22.94
937,4453332,510,148.47,6089,22.83
938,4455946,430,101.41,6095,23.26
939,4458406,432,101.61,6101,23.26
940,4462088,270,46.71,6107,23.15
941,4463108,255,43.96,6114,23.37
942,4463965,364,71.71,6120,23.48
943,4467639,432,101.61,6125,22.94
944,4468724,583,201.26,6130,22.94
945,4477359,185,31.51,6138,22.94
946,4478377,583,201.26,6143,22.94
947,4489930,304,53.73,6155,22.94
948,4491804,448,112.41,6160,23.15
949,4502880,275,47.73,6168,23.15
950,4505219,391,82.35,6174,22.94
951,4514053,253,43.55,6182,23.37
952,4526552,377,76.28,6192,23.26
953,4527902,543,164.77,6199,23.37
954,4548444,423,97.36,6212,23.58
955,4549621,540,166.11,6217,23.26
956,4551025,248,42.69,6223,23.15
957,4555782,307,54.48,6230,23.58
958,4560228,531,160.62,6239,22.94
959,4568261,319,57.64,6249,23.58
960,4569080,293,51.29,6254,23.37
961,4570551,295,51.75,6260,23.37
962,4576807,352,66.89,6268,23.05
963,4579651,284,49.41,6273,23.15
964,4585353,231,39.55,6281,23.15
965,4587715,505,145.23,6287,22.83
966,4588303,556,174.47,6294,22.94
967,4588659,313,56.02,6300,23.15
968,4588852,423,97.36,6305,22.83
969,4594997,323,58.48,6311,23.15
970,4596144,457,118.95,6317,22.94
971,4602488,261,45.09,6325,23.58
972,4606984,295,51.75,6333,22.94
973,4609176,254,43.77,6339,23.05
974,4611801,408,90.57,6345,23.05
975,4612739,487,132.65,6350,23.48
976,4618582,408,90.57,6357,22.94
977,4619991,300,52.79,6362,23.05
978,4622451,357,68.97,6371,22.83
979,4626433,319,57.64,6377,23.15
980,4630917,184,31.36,6383,23.37
981,4631467,472,125.87,6388,22.94
982,4631895,291,50.97,6394,22.94
983,4633816,271,46.93,6400,23.37
984,4635122,364,71.71,6406,22.94
985,4635340,476,129.76,6411,23.15
986,4649477,527,155.96,6420,22.94
987,4650764,284,49.41,6426,23.05
988,4652532,409,91.12,6432,23.37
989,4656586,270,46.71,6437,23.58
990,4659841,531,160.62,6443,22.94
991,4665621,531,160.62,6450,23.15
992,4678500,263,45.37,6458,22.83
993,4691089,126,24.09,6468,23.15
994,4699912,387,81.05,6476,23.26
995,4702776,313,56.02,6482,22.94
996,4703881,275,47.73,6488,22.83
997,4708085,106,22.47,6494,22.94
998,4718772,332,61.17,6500,22.94
999,4719207,524,150.73,6507,23.58
1000,4720937,222,37.96,6513,23.15
1001,4724699,319,57.64,6520,23.15
1002,4745664,451,113.08,6528,23.15
1003,4747481,422,97.97,6534,23.48
1004,4749446,298,52.37,6540,23.48
1005,4750569,476,129.76,6547,22.94
1006,4761962,252,43.42,6558,22.83
1007,4775625,394,84.01,6565,23.58
1008,4780216,263,45.37,6573,23.37
1009,4793638,334,61.44,6580,23.37
1010,4797973,243,41.74,6587,23.37
1011,4807211,83,20.46,6596,23.48
1012,4820950,240,41.21,6606,22.94
1013,4822815,254,43.77,6612,23.05
1014,4831283,319,57.64,6621,23.15
1015,4831781,295,51.75,6626,23.05
1016,4834251,384,80.08,6633,22.94
1017,4839387,287,50.23,6639,23.15
1018,4844534,519,154.30,6646,23.37
1019,4846352,190,32.33,6652,23.15
1020,4852534,327,59.28,6657,23.05
1021,4866926,451,113.08,6669,23.15
1022,4876132,199,33.86,6676,23.15
1023,4878068,615,227.36,6683,22.94
1024,4878113,327,59.28,6689,22.94
1025,4883638,412,92.93,6697,23.15
1026,4883717,184,31.36,6702,23.15
1027,4884158,547,162.22,6708,23.37
1028,4891863,384,80.08,6717,23.37
1029,4893026,414,93.93,6725,23.05
1030,4893539,307,54.48,6733,23.26
1031,4903622,355,68.30,6741,23.15
1032,4910433,240,41.21,6748,23.26
1033,4922168,380,78.12,6759,22.83
1034,4923388,192,32.67,6764,23.05
1035,4930354,391,82.35,6771,22.94
1036,4931556,371,73.82,6777,22.94
1037,4937652,368,72.93,6785,22.83
1038,4954450,396,85.28,6796,23.48
1039,4957238,448,112.41,6803,23.26
1040,4963308,353,67.64,6810,22.94
1041,4968936,259,44.69,6817,22.94
1042,4969564,415,95.00,6823,23.05
1043,4974524,338,62.67,6831,22.94
1044,4977147,423,97.36,6837,22.94
1045,4977265,298,52.37,6842,22.83
1046,4978742,353,67.64,6850,23.15
1047,4983010,839,828.69,6855,22.83
1048,4989339,71,19.06,6864,22.94
1049,4992517,335,61.77,6870,22.94
1050,4998193,229,39.22,6876,22.94
1051,4998798,275,47.73,6882,22.62
1052,5000553,65,18.22,6888,23.58
1053,5012687,504,143.61,6899,22.83
1054,5020875,319,57.64,6907,22.94
1055,5027428,112,22.94,6913,23.05
1056,5035034,472,125.87,6922,22.94
1057,5043503,353,67.64,6930,23.15
1058,5050164,316,56.81,6937,23.26
1059,5050955,536,160.18,6943,22.94
1060,5067268,505,145.23,6956,22.83
1061,5088132,344,64.67,6969,22.72
1062,5088861,281,48.90,6975,22.94
1063,5102559,261,45.09,6987,22.72
1064,5103413,519,154.30,6994,22.94
1065,5107780,313,56.02,7001,22.62
1066,5115831,300,52.79,7007,22.94
1067,5127962,435,104.92,7013,22.72
1068,5131653,204,34.73,7018,22.72
1069,5138079,319,57.64,7026,22.83
1070,5139403,480,130.21,7031,22.72
1071,5142569,135,24.92,7039,22.51
1072,5153491,231,39.55,7049,22.62
1073,5156935,281,48.90,7055,22.29
1074,5162700,639,249.88,7064,22.94
1075,5164664,359,69.86,7071,22.51
1076,5170259,281,48.90,7077,22.62
1077,5173701,327,59.28,7083,22.94
1078,5180396,387,81.05,7089,22.72
1079,5187306,199,33.86,7098,22.94
1080,5190417,255,43.96,7105,22.72
1081,5191492,60,17.43,7111,22.83
1082,5196321,291,50.97,7120,22.51
1083,5202780,313,56.02,7127,22.51
1084,5203848,513,148.53,7133,22.40
1085,5208908,184,31.36,7140,22.51
1086,5214718,263,45.37,7146,22.51
1087,5219705,572,183.73,7152,22.62
1088,5220466,312,55.68,7159,22.62
1089,5225835,463,119.23,7165,22.83
1090,5226616,291,50.97,7171,22.62
1091,5227398,127,24.18,7177,22.62
1092,5233129,455,117.03,7185,22.40
1093,5234419,270,46.71,7192,22.94
1094,5237842,120,23.58,7200,22.40
1095,5241608,339,62.98,7207,22.72
1096,5243061,377,76.28,7213,22.62
1097,5245282,243,41.74,7218,22.94
1098,5253964,515,147.53,7224,22.94
1099,5262867,579,187.32,7232,22.72
1100,5265869,293,51.29,7238,22.72
1101,5266948,369,73.42,7244,22.94
1102,5268237,217,37.04,7250,22.62
1103,5274228,408,90.57,7258,22.51
1104,5275506,327,59.28,7264,22.62
1105,5276670,99,21.91,7270,22.83
1106,5276843,67,18.51,7275,22.62
1107,5280905,318,57.28,7282,22.62
1108,5294844,83,20.46,7290,22.94
1109,5296564,518,151.06,7297,22.94
1110,5301128,323,58.48,7305,22.40
1111,5303915,390,82.70,7311,22.94
1112,5304531,255,43.96,7317,22.62
1113,5309981,284,49.41,7324,22.83
1114,5314123,312,55.68,7331,22.83
1115,5317913,368,72.93,7337,22.83
1116,5328557,287,50.23,7346,22.72
1117,5330598,287,50.23,7352,22.83
1118,5334746,249,42.85,7359,22.40
1119,5346780,711,380.66,7368,22.83
1120,5348739,307,54.48,7373,22.83
1121,5351845,352,66.89,7380,22.83
1122,5355734,268,46.26,7387,22.72
1123,5357304,519,154.30,7393,22.62
1124,5361240,327,59.28,7403,22.83
1125,5363103,423,97.36,7410,22.83
1126,5365681,465,122.12,7416,22.94
1127,5366919,391,82.35,7422,23.15
1128,5383817,463,119.23,7429,22.83
1129,5392929,225,38.48,7435,23.05
1130,5400697,295,51.75,7443,22.94
1131,5410092,376,76.43,7450,22.83
1132,5413654,368,72.93,7456,22.83
1133,5414284,332,61.17,7462,22.83
1134,5414996,359,69.86,7468,22.72
1135,5420818,575,187.30,7475,22.94
1136,5423295,591,188.65,7483,23.15
1137,5429918,304,53.73,7492,22.83
1138,5430608,243,41.74,7498,23.15
1139,5431516,313,56.02,7505,22.94
1140,5432768,369,73.42,7511,23.15
1141,5444768,497,142.37,7521,23.05
1142,5457975,284,49.41,7530,23.26
1143,5466020,487,132.65,7537,23.37
1144,5500693,480,130.21,7556,23.15
1145,5503313,295,51.75,7564,23.05
1146,5535544,337,62.30,7576,22.94
1147,5569686,327,59.28,7591,22.94
1148,5576467,280,48.67,7599,22.94
1149,5666189,295,51.75,7641,23.26
1150,5828193,460,119.54,7702,23.05
1151,5833592,249,42.85,7709,22.83
1152,5848568,359,69.86,7719,22.51
1153,5883239,248,42.69,7735,22.40
1154,5934251,511,149.39,7765,22.51
1155,5962392,96,21.67,7780,22.51
1156,5980443,415,95.00,7791,22.83
1157,6024683,376,76.43,7815,22.83
1158,6085084,391,82.35,7837,22.62
1159,6445456,427,101.26,7968,22.40
1160,6447881,231,39.55,7974,22.83
1161,6450040,284,49.41,7980,22.40
1162,6459613,304,53.73,7986,22.40
1163,6463591,240,41.21,7993,22.62
1164,6469304,284,49.41,7999,22.62
1165,6469608,499,141.24,8005,22.40
1166,6473034,510,148.47,8012,22.62
1167,6482023,243,41.74,8020,22.72
1168,6489688,344,64.67,8030,22.51
1169,6500373,397,85.55,8037,22.62
1170,6505865,327,59.28,8045,22.83
1171,6505934,63,17.91,8051,22.72
1172,6506196,489,138.11,8057,22.40
1173,6506537,268,46.26,8064,22.62
1174,6508059,376,76.43,8071,22.51
1175,6508198,304,53.73,8076,22.51
1176,6509106,359,69.86,8083,22.40
1177,6513025,312,55.68,8090,22.40
1178,6514661,455,117.03,8098,22.62
1179,6518779,355,68.30,8104,22.62
1180,6522169,319,57.64,8110,22.72
1181,6523338,204,34.73,8115,22.72
1182,6526775,352,66.89,8121,22.72
1183,6540196,318,57.28,8131,22.83
1184,6544191,339,62.98,8138,22.51
1185,6546762,319,57.64,8144,22.83
1186,6548753,472,125.87,8151,22.72
1187,6550184,419,97.20,8157,22.62
1188,6553605,291,50.97,8163,22.51
1189,6557184,96,21.67,8172,22.83
1190,6567646,323,58.48,8181,22.83
1191,6569359,319,57.64,8187,22.72
1192,6574873,513,148.53,8194,22.83
1193,6583097,364,71.71,8201,22.62
1194,6587297,376,76.43,8207,22.83
1195,6589461,271,46.93,8212,22.83
1196,6589934,281,48.90,8218,22.83
1197,6611769,206,35.07,8228,23.15
1198,7737959,62,17.75,8647,22.40
1199,7741123,364,71.71,8653,22.40
1200,7743807,451,113.08,8659,22.83
1201,7748404,391,82.35,8666,22.62
1202,7764084,519,154.30,8677,22.51
1203,7780706,355,68.30,8685,22.19
1204,7805753,295,51.75,8696,22.29
1205,7809750,531,160.62,8705,22.19
1206,7813730,494,141.37,8711,22.40
1207,7816580,185,31.51,8717,22.72
1208,7819463,339,62.98,8724,22.62
1209,7824705,600,203.87,8731,22.40
1210,7831600,316,56.81,8739,22.40
1211,7835379,368,72.93,8745,22.51
1212,7845867,508,144.95,8753,22.51
1213,7851040,224,38.29,8761,22.72
1214,7852873,238,40.82,8768,22.29
1215,7857235,364,71.71,8776,22.40
1216,7860493,455,117.03,8783,22.51
1217,7862152,440,109.25,8789,22.83
1218,7870774,255,43.96,8796,22.51
1219,7877058,238,40.82,8807,22.29
1220,7878867,225,38.48,8813,22.62
1221,7880125,399,87.30,8819,22.72
1222,7881878,349,66.33,8825,22.40
1223,7883307,319,57.64,8830,22.29
1224,7884201,306,54.23,8835,22.40
1225,7884651,508,144.95,8841,22.62
1226,7892381,385,80.11,8847,22.40
1227,7899730,515,147.53,8855,22.29
1228,7902949,359,69.86,8861,22.51
1229,7913484,231,39.55,8868,22.62
1230,7915209,487,132.65,8876,22.83
1231,7915499,414,93.93,8882,22.40
1232,7917489,307,54.48,8888,22.62
1233,7918074,297,52.13,8894,22.29
1234,7921013,249,42.85,8900,22.51
1235,7927217,291,50.97,8909,22.29
1236,7927798,448,112.41,8915,22.40
1237,7945389,275,47.73,8928,22.29
1238,7956652,537,162.17,8938,22.62
1239,7961399,108,22.63,8947,22.29
1240,7964437,300,52.79,8953,22.62
1241,7979022,348,65.64,8962,22.51
1242,7994699,332,61.17,8969,22.51
1243,8005032,339,62.98,8977,22.83
1244,8005592,177,30.25,8983,22.72
1245,8009339,476,129.76,8989,22.40
1246,8014927,433,104.37,8995,22.51
1247,8016997,345,64.98,9002,22.40
1248,8018352,364,71.71,9008,22.29
1249,8032063,409,91.12,9020,22.40
1250,8035662,504,143.61,9025,22.62
1251,8041242,210,35.78,9032,22.51
1252,8047161,408,90.57,9041,22.40
1253,8054592,536,160.18,9048,22.29
1254,8069415,391,82.35,9059,22.83
1255,8069754,547,162.22,9064,22.83
1256,8077434,287,50.23,9072,22.62
1257,8093369,255,43.96,9079,22.40
1258,8095727,665,286.02,9085,22.51
1259,8098359,510,148.47,9091,22.40
1260,8106857,480,130.21,9101,22.62
1261,8115006,271,46.93,9109,22.40
1262,8116895,391,82.35,9115,22.72
1263,8127045,499,141.24,9124,22.72
1264,8130881,319,57.64,9130,22.29
1265,8138075,551,164.56,9137,22.62
1266,8139137,524,150.73,9143,22.29
1267,8141068,368,72.93,9150,22.62
1268,8143255,358,69.10,9156,22.62
1269,8153882,295,51.75,9165,22.51
1270,8157368,355,68.30,9172,22.40
1271,8158731,496,144.49,9177,22.72
1272,8172240,263,45.37,9188,22.62
1273,8176627,51,15.86,9195,22.72
1274,8186645,318,57.28,9203,22.72
1275,8192160,263,45.37,9210,22.40
1276,8211719,713,333.08,9218,22.51
1277,8216553,271,46.93,9224,22.51
1278,8227628,327,59.28,9232,22.51
1279,8232656,536,160.18,9239,22.51
1280,8233466,359,69.86,9245,22.83
1281,8239306,524,150.73,9251,22.40
1282,8239580,332,61.17,9257,22.40
1283,8240531,280,48.67,9263,22.40
1284,8256248,240,41.21,9271,22.62
1285,8258353,275,47.73,9278,22.29
1286,8262088,312,55.68,9284,22.94
1287,8262905,319,57.64,9291,22.62
1288,8277984,376,76.43,9300,22.62
1289,8286233,263,45.37,9309,22.51
1290,8286467,364,71.71,9315,22.51
1291,8289645,499,141.24,9321,22.83
1292,8295813,335,61.77,9330,22.62
1293,8309408,387,81.05,9343,22.62
1294,8309468,287,50.23,9349,22.40
1295,8321943,287,50.23,9358,22.62
1296,8322547,126,24.09,9365,22.51
1297,8325545,243,41.74,9371,22.72
1298,8333316,497,142.37,9377,22.62
1299,8348468,271,46.93,9384,22.62
1300,8351551,287,50.23,9392,22.40
1301,8354891,96,21.67,9399,22.29
1302,8360931,51,15.86,9405,22.72
1303,8362067,94,21.50,9411,22.40
1304,8370835,230,39.39,9417,22.29
1305,8374340,211,35.96,9425,22.51
1306,8374678,344,64.67,9430,22.40
1307,8383873,364,71.71,9439,22.29
1308,8391077,307,54.48,9448,22.40
1309,8392383,428,101.58,9454,22.51
1310,8394331,287,50.23,9459,22.29
1311,8402128,231,39.55,9466,22.62
1312,8403119,323,58.48,9472,22.62
1313,8404015,423,97.36,9478,22.29
1314,8411631,319,57.64,9485,22.40
1315,8435312,271,46.93,9492,22.62
1316,8438104,551,164.56,9498,22.62
1317,8452957,318,57.28,9508,22.62
1318,8459839,335,61.77,9516,22.62
1319,8464355,344,64.67,9523,22.62
1320,8465037,472,125.87,9529,22.62
1321,8465147,318,57.28,9535,22.51
1322,8475145,227,38.83,9543,22.40
1323,8478298,794,587.31,9550,22.62
1324,8503692,344,64.67,9565,22.62
1325,8512137,97,21.75,9572,22.51
1326,8526980,284,49.41,9587,22.40
1327,8531276,319,57.64,9594,22.62
1328,8550653,307,54.48,9603,22.29
1329,8556326,504,143.61,9612,22.29
1330,8559938,369,73.42,9618,22.62
1331,8566301,455,117.03,9625,22.94
1332,8568712,273,47.25,9631,22.40
1333,8570809,305,53.88,9637,22.51
1334,8572151,271,46.93,9643,22.72
1335,8573989,286,49.78,9649,22.72
1336,8577469,423,97.36,9655,22.40
1337,8588262,108,22.63,9663,22.40
1338,8599291,307,54.48,9672,22.62
1339,8600342,387,81.05,9678,22.19
1340,8602546,275,47.73,9684,22.62
1341,8608357,318,57.28,9691,22.40
1342,8610392,319,57.64,9697,22.51
1343,8611415,281,48.90,9702,22.62
1344,8616581,253,43.55,9708,22.83
1345,8625350,270,46.71,9714,22.72
1346,8625914,319,57.64,9721,22.62
1347,8633638,483,132.60,9727,22.72
1348,8638223,327,59.28,9733,22.72
1349,8644509,327,59.28,9742,22.62
1350,8652105,435,104.92,9751,22.40
1351,8653411,220,37.58,9756,22.83
1352,8654556,275,47.73,9761,22.51
1353,8655436,199,33.86,9767,22.62
1354,8661990,236,40.44,9774,22.51
1355,8662464,284,49.41,9780,22.62
1356,8664344,217,37.04,9786,22.51
1357,8667348,448,112.41,9793,22.40
1358,8679932,254,43.77,9803,22.62
1359,8682730,335,61.77,9809,22.29
1360,8686407,179,30.55,9815,22.29
1361,8689615,339,62.98,9821,22.51
1362,8695697,473,126.29,9829,22.72
1363,8700590,115,23.18,9835,22.40
1364,8702232,423,97.36,9841,22.51
1365,8702291,510,148.47,9846,22.40
1366,8712201,142,25.64,9857,22.40
1367,8715533,371,73.82,9863,22.29
1368,8716792,364,71.71,9869,22.62
1369,8719672,263,45.37,9875,22.51
1370,8725952,271,46.93,9882,22.72
1371,8730542,304,53.73,9891,22.51
1372,8733617,323,58.48,9897,22.62
1373,8737883,273,47.25,9903,22.40
1374,8743896,63,17.91,9909,22.40
1375,8757898,285,49.78,9919,22.19
1376,8762459,441,109.77,9926,22.62
1377,8763792,419,97.20,9932,22.51
1378,9831473,313,56.02,10328,22.94
1379,9844827,408,90.57,10339,22.51
1380,9875457,387,81.05,10352,22.40
1381,9885224,224,38.29,10360,22.29
1382,9887459,435,104.92,10366,22.19
1383,9891098,697,299.81,10374,22.19
1384,9891343,312,55.68,10380,22.40
1385,9900819,414,93.93,10386,21.87
1386,9920992,67,18.51,10395,22.29
1387,9932148,334,61.44,10404,21.97
1388,9936727,271,46.93,10410,22.19
1389,9938060,207,35.26,10416,21.76
1390,9939106,270,46.71,10423,21.97
1391,9940060,291,50.97,10429,22.19
1392,9948532,327,59.28,10436,22.29
1393,9949643,199,33.86,10442,21.87
1394,9959534,188,32.01,10448,21.33
1395,9966016,403,88.99,10457,21.97
1396,9968503,345,64.98,10465,21.76
1397,9968528,89,21.05,10471,21.76
1398,9982574,207,35.26,10479,21.97
1399,9987340,105,22.39,10487,22.19
1400,9999666,412,92.93,10497,21.87
1401,10003040,399,87.30,10504,21.87
1402,10008981,304,53.73,10511,21.87
1403,10009734,254,43.77,10517,21.97
1404,10010463,294,51.51,10524,22.19
1405,10011189,327,59.28,10530,21.76
1406,10015462,711,380.66,10537,22.19
1407,10020701,286,49.78,10546,21.97
1408,10021857,385,80.11,10552,21.97
1409,10030691,287,50.23,10561,21.97
1410,10032609,131,24.54,10567,21.76
1411,10042778,127,24.18,10575,21.76
1412,10044177,147,26.19,10582,21.97
1413,10053213,304,53.73,10591,21.76
1414,10054261,263,45.37,10597,21.76
1415,10054387,102,22.15,10603,21.97
1416,10062249,345,64.98,10611,21.97
1417,10073239,359,69.86,10618,21.54
1418,10078454,263,45.37,10625,22.19
1419,10080287,353,67.64,10632,21.76
1420,10085732,262,45.24,10639,21.87
1421,10087274,301,53.09,10645,21.76
1422,10098581,615,227.36,10652,21.97
1423,10102395,319,57.64,10659,21.87
1424,10104393,319,57.64,10665,21.76
1425,10110583,415,95.00,10671,21.87
1426,10113986,508,144.95,10678,21.97
1427,10118326,319,57.64,10685,21.76
1428,10129698,280,48.67,10691,21.76
1429,10133685,287,50.23,10697,21.76
1430,10134888,316,56.81,10703,22.08
1431,10137645,293,51.29,10709,21.76
1432,10139232,348,65.64,10716,21.76
1433,10144665,241,41.39,10722,21.76
1434,10153751,354,67.99,10733,21.44
1435,10157134,263,45.37,10740,21.97
1436,10164410,689,300.98,10749,21.76
1437,10175459,312,55.68,10757,21.76
1438,10182594,327,59.28,10764,21.76
1439,10185539,304,53.73,10771,21.44
1440,10187716,238,40.82,10780,22.19
1441,10194527,335,61.77,10788,21.76
1442,10202094,359,69.86,10794,21.97
1443,10202344,364,71.71,10800,21.76
1444,10204036,275,47.73,10807,21.76
1445,10208755,390,82.70,10814,21.76
1446,10209004,460,119.54,10821,21.76
1447,10209204,287,50.23,10827,21.76
1448,10210451,255,43.96,10833,21.76
1449,10213893,211,35.96,10839,21.76
1450,10217146,199,33.86,10846,21.76
1451,10219174,318,57.28,10852,21.97
1452,10226956,199,33.86,10861,21.76
1453,10229704,227,38.83,10868,21.76
1454,10235011,613,215.02,10874,21.76
1455,10235531,249,42.85,10880,21.97
1456,10239841,390,82.70,10887,21.97
1457,10241245,435,104.92,10894,21.97
1458,10243916,531,160.62,10901,21.97
1459,10245967,423,97.36,10908,21.54
1460,10246184,261,45.09,10914,21.01
1461,10254214,368,72.93,10921,22.19
1462,10268322,327,59.28,10931,21.76
1463,10287574,294,51.51,10944,22.08
1464,10290487,476,129.76,10951,21.76
1465,10300707,238,40.82,10958,21.76
1466,10311404,312,55.68,10965,21.87
1467,10312538,318,57.28,10971,21.76
1468,10313812,271,46.93,10977,21.54
1469,10318212,287,50.23,10983,22.19
1470,10321891,486,135.98,10989,21.76
1471,10327387,263,45.37,10995,22.19
1472,10331667,135,24.92,11001,21.76
1473,10335537,352,66.89,11008,21.97
1474,10336314,280,48.67,11014,21.76
1475,10336569,259,44.69,11020,21.76
1476,10350808,323,58.48,11031,21.97
1477,10350998,376,76.43,11037,21.76
1478,10354492,88,20.96,11044,22.19
1479,10358833,319,57.64,11050,21.87
1480,10369805,463,119.23,11057,21.97
1481,10371747,359,69.86,11063,21.97
1482,10384778,327,59.28,11074,22.08
1483,10385123,339,62.98,11080,22.19
1484,10387580,430,101.41,11087,21.97
1485,10390247,553,176.67,11094,22.08
1486,10400605,99,21.91,11102,21.97
1487,10414899,284,49.41,11111,21.97
1488,10420907,281,48.90,11119,22.19
1489,10428750,344,64.67,11128,21.87
1490,10434238,295,51.75,11134,22.19
1491,10436632,339,62.98,11140,21.76
1492,10436831,316,56.81,11146,22.29
1493,10438569,472,125.87,11152,22.08
1494,10441143,432,101.61,11158,22.29
1495,10450065,236,40.44,11168,21.87
1496,10452482,384,80.08,11174,21.87
1497,10463152,280,48.67,11180,22.19
1498,10470456,486,135.98,11187,21.76
1499,10471532,448,112.41,11193,21.97
1500,10481282,384,80.08,11200,21.97
1501,10482030,476,129.76,11206,21.76
1502,10487227,270,46.71,11215,22.29
1503,10488332,127,24.18,11221,21.97
1504,10489180,83,20.46,11228,22.19
1505,10490962,399,87.30,11235,22.19
1506,10492956,79,20.03,11241,21.87
1507,10493174,179,30.55,11247,22.08
1508,10493904,510,148.47,11253,22.19
1509,10494029,499,141.24,11259,21.76
1510,10502743,318,57.28,11266,22.29
1511,10516337,359,69.86,11275,22.08
1512,10519802,120,23.58,11282,22.29
1513,10529415,371,73.82,11288,22.29
1514,10534675,335,61.77,11296,22.40
1515,10534931,284,49.41,11302,22.29
1516,10541464,399,87.30,11310,22.40
